Original,Reduzido, FSF-Corr
0.439, 0.44163, 0.4560850088322471
0.452, 0.44948, 0.46484247247074817
0.438, 0.43756, 0.44282015303463634
0.456, 0.45566, 0.48621768998208753
0.473, 0.48654, 
0.456, 0.45089, 0.47716801510050416
0.438, 0.43865, 
0.421, 0.42315, 0.424051054978416
0.470, 0.46970, 
0.468, 0.46847, 0.49787895656583864